"spatial_level_1","spatial_level_2","spatial_level_3","state","code_case_management","code_smc","code_pmc","code_iptp","code_vaccine","code_vaccine_priority","code_vaccine_1","code_vaccine_1_priority","code_vaccine_2","code_vaccine_3","code_vaccine_4","code_vaccine_5","code_urban_nets","code_nets","code_irs","code_lsm","code_intervention_counts","code_intervention_mix","pop_2006_census","pop_annual_growth_percent","pop_2025_projected","pop_percent_pop_u5","pop_number_children_u5","pop_u5_smc_population","pop_u5_smc_pop_coded","pop_number_pw","pop_number_pw_children_u5","pop_number_children_u1","pop_number_children_1_2_yrs","pop_number_children_0_2_yrs","pop_number_children_5_36_mons","admin_number_states","admin_proportion_states","admin_number_lgas","admin_proportion_lgas","admin_number_wards","admin_proportion_wards","admin_landmass_sqkm","admin_landmass_2perc_coverage_sqkm","admin_landmass_2perc_coverage_hectares","admin_number_phc","admin_proportion_phc","admin_number_shf","admin_number_thf","admin_number_shf_thf","admin_proportion_shf_thf","admin_number_total_hf","admin_proportion_total_hf","prev_u5_state","itn_campaign_eligable","itn_campaign_net_quantity","itn_campaign_net_proportion","itn_campaign_bale_quantity","itn_campaign_bale_proportion","itn_routine_eligable","itn_routine_net_quantity","itn_routine_net_quantity_eligable","itn_routine_net_proportion","lsm_bti_kg_quantity","lsm_bti_kg_proprotion","smc_eligable","smc_spaq_quantity_3_11_months","smc_spaq_quantity_12_59_months","smc_sqaq_quantity","pmc_eligable","pmc_sp_quantity_u1","pmc_sp_quantity_1_2_years","pmc_sp_total_quantity","iptp_sp_total_quantity","vacc_total_dose_quantity","cm_rdt_kit_quantity","cm_act_packs_quantity","cm_iv_artesunate_quantity","cm_ras_quantity","itn_campaign_net_procurement_cost","itn_campaign_net_distribution_procurement_cost","itn_campaign_campaign_cost","itn_campaign_storage_hardware_cost","itn_campaign_total_cost","itn_routine_net_procurement_cost","itn_routine_net_operational_cost","itn_routine_total_cost","irs_total_cost","lsm_bti_procurement_cost","lsm_operational_cost","lsm_total_cost","ento_surveillance_equipment_procurement_cost","ento_surveillance_total_cost","smc_spaq_3_11_months_procurement_cost","smc_spaq_12_59_months_procurement_cost","smc_spaq_total_procurement_cost","smc_campaign_cost","smc_total_cost","pmc_cost_per_child","pmc_total_cost","iptp_sp_procurement_cost","iptp_sp_distribution_cost","iptp_total_cost","vacc_procurement_cost","vacc_operational_cost","vacc_total_cost","cm_rdt_kits_procurement_cost","cm_rdt_kits_distribution_cost","cm_rdt_kits_total_cost","cm_al_procurement_cost","cm_al_distribution_cost","cm_al_total_cost","cm_iv_artesunate_procurement_cost","cm_iv_artesunate_distribution_cost","cm_iv_artesunate_total_cost","cm_ras_prcurement_cost","cm_ras_distribution_cost","cm_ras_total_cost","cm_eqa_national_cost","cm_public_total_cost","cm_private_total_cost","gf_wd_malaria_long_haul_distribution","gf_wd_malaria_warehouse_axial","gf_wd_malaria_warehouse_wib","gf_wd_total_cost","ss_sbc_total_cost","me_national_level_cost","me_state_level_cost","me_total_cost","cb_national_level_cost","cb_state_level_cost","cb_shf_thf_level_cost","cb_lga_phc_level_cost","cb_total_cost","gc_national_level_cost","gc_state_level_cost","gc_lga_level_cost","gc_total_cost","rm_total_cost","cost_total_ngn","cost_total_usd"
1,1,NA,"Benue","23","8","15","23","23","0","23","0","0","0","0","0","0","23","0",0,138,NA,4253641,3.04,7514013.71978729,18.4,1382578.52444086,1313449.59821882,399893.00706563,375700.685989364,1758279.21043022,300560.548791491,300560.548791491,601121.097582983,240448.439033193,1,0.027027027027027,23,0.0297157622739018,276,0.0313600727190092,34059,68.118,6811.8,1098,0.0402330438606134,25,3,28,0.0214395099540582,1126,0.0393747595901668,26,NA,NA,0,NA,0,NA,619008,619008.074082664,0.0366923751442729,81741.6,0.0369668928021794,NA,333384.485890504,1426144.74519827,1759529.23108877,NA,1599246.66414688,3198493.32829377,4797739.99244065,910321,864460.228012136,2210920.23951999,1717676.40917879,166399.942764181,13312.9954207906,0,0,0,NA,0,4377625181.31478,268005740.738411,4645630922.05319,0,8370340597.08196,823515000,9193855597.08196,NA,NA,154690397.761942,707367794.709728,862058192.47167,850972311.399916,1713030503.87159,2187518578.74158,2187518578.74158,611735716.413185,0,611735716.413185,5532545389.36689,323972634.297915,5856518023.66481,1202740613.17217,0,1202740613.17217,1181761372.41785,0,1181761372.41785,396697473.435271,0,396697473.435271,16401610.6479987,0,16401610.6479987,NA,2797601069.67328,3816113043.02951,8712768,12572352,38675328,59960448,468135639.131917,NA,107680894,107680894,NA,28313400,59458140,548635464,636407004,NA,169670420,33120000,202790420,NA,32237017411.661,20148135.8822881
1,2,NA,"Federal Capital Territory","6","6","0","6","6","0","0","0","6","0","0","0","5","1","0",0,36,NA,1406239,9.28,7591580.10009313,15.7,1191878.07571462,1132284.17192889,1132284.17192889,379579.005004656,1571457.08071928,303663.204003725,303663.204003725,607326.40800745,242930.56320298,1,0.027027027027027,6,0.00775193798449612,62,0.00704465401658902,7315,14.63,1463,291,0.010662855886556,24,3,27,0.0206738131699847,318,0.0111200475574361,31.3,NA,3985346,0.0426389317915921,79706.92,0.0427632649842187,NA,405775,405775.020842991,0.0240527545799958,17556,0.00793954082174881,NA,943967.43596598,4038082.92052113,4982050.35648711,NA,0,0,0,609975,873383.960827354,715513.045453306,1877994.11930047,181931.011557254,14554.0009245498,28184366912,630003410.053119,2327442064,NA,31141812386.0531,2869641000.76276,175684356.291042,3045325357.0538,0,1797734562.6018,214830000,2012564562.6018,NA,NA,438000879.836554,2002889131.66871,2440890011.50526,2409500696.24431,4850390707.74957,0,0,409903202.957124,0,409903202.957124,5589657278.66261,327316970.028161,5916974248.69077,389239097.656472,0,389239097.656472,1292059957.25249,0,1292059957.25249,433723542.360623,0,433723542.360623,17930529.4556245,0,17930529.4556245,NA,2132953126.72521,2909489253.23983,1957216,2824224,8687936,13469376,105160904.442677,NA,28090668,28090668,NA,28313400,57334635,145403388,231051423,NA,169670420,8640000,178310420,NA,52962026260.5139,33101266.4128212
1,3,NA,"Kogi","21","9","12","21","21","0","1","0","14","6","0","0","0","21","0",0,126,NA,3314043,3.03,5843437.93765221,18.8,1098566.33227862,1043638.01566469,526271.417195913,292171.896882611,1390738.22916123,233737.517506089,233737.517506089,467475.035012177,186990.014004871,1,0.027027027027027,21,0.0271317829457364,239,0.0271560049994319,32440,64.88,6488,947,0.0347000842768678,55,3,58,0.0444104134762634,1005,0.0351435465258594,46,NA,3193804,0.0341702805507261,63876.08,0.0342699195401497,NA,493239,493239.081274298,0.0292372816505721,77856,0.0352096656537979,NA,438744.17096754,1876850.06469448,2315594.23566202,NA,886417.576323876,1772835.15264775,2659252.72897163,609435,672266.498350312,1544344.4671112,1628780.4926502,157788.04772547,12623.0038180255,22586581888,504876467.699741,1865181536,NA,24956639891.6997,3488186847.63485,213552796.599546,3701739644.2344,0,7972455121.09395,751905000,8724360121.09395,NA,NA,203577290.471139,930917633.524759,1134494923.9959,1119905565.74403,2254400489.73993,1212480200.96133,1212480200.96133,409540322.954507,0,409540322.954507,4302505535.07434,251944440.430321,4554449975.50466,840123392.115511,0,840123392.115511,1120600981.69595,0,1120600981.69595,376166715.151368,0,376166715.151368,15551540.9783834,0,15551540.9783834,NA,2352442629.94121,3208887464.48245,7544752,10886928,33490592,51922272,405378325.190319,NA,98317338,98317338,NA,28313400,123163290,473185596,624662286,NA,169670420,30240000,199910420,NA,52703209109.8025,32939505.6936266
1,4,NA,"Kwara","16","11","5","16","16","0","1","0","5","10","0","0","3","13","0",0,96,NA,2365353,2.96,4117163.43478859,17.4,716386.437653215,680567.115770554,552558.166785913,205858.17173943,922244.609392644,164686.537391544,164686.537391544,329373.074783087,131749.229913235,1,0.027027027027027,16,0.020671834625323,186,0.0211339620497671,37700,75.4,7540,615,0.0225349016159173,51,2,53,0.0405819295558959,668,0.023359093611218,43.7,NA,NA,0,NA,0,NA,307576,307575.869729358,0.018231893362878,90480,0.0409187544743582,NA,460659.019046782,1970596.91481124,2431255.93385802,NA,236967.564363582,473935.128727163,710902.693090745,452173,473664.831384062,960227.586620109,759926.464252591,73618.0449745729,5889.00359769702,0,0,0,NA,0,2175176591.17355,133168051.03429,2308344642.20784,0,9265152838.01609,572880000,9838032838.01609,NA,NA,213745779.737265,977416071.254413,1191161850.99168,1175843768.36962,2367005619.36129,324134457.320253,324134457.320253,303860258.192109,0,303860258.192109,3031454882.55169,177514752.241,3208969634.79269,522363808.369242,0,522363808.369242,522829408.690042,0,522829408.690042,175505423.592871,0,175505423.592871,7255252.56046054,0,7255252.56046054,NA,1227953893.21262,1675010393.34203,5871648,8472672,26063808,40408128,315482713.328031,NA,74908448,74908448,NA,28313400,112545765,307295820,448154985,NA,169670420,23040000,192710420,NA,22284568302.773,13927855.1892331
1,5,NA,"Nasarawa","13","13","0","13","13","0","11","0","2","0","0","0","0","13","0",0,78,NA,1869377,3.05,3308329.9852746,19.1,631891.027187448,600296.475828076,600296.475828076,165416.49926373,797307.526451178,132333.199410984,132333.199410984,264666.398821968,105866.559528787,1,0.027027027027027,13,0.0167958656330749,147,0.0167026474264288,27117,54.234,5423.4,782,0.0286541350628412,22,2,24,0.0183767228177642,806,0.0281847746267091,32.1,NA,1837961,0.0196642132739808,36759.22,0.0197215532286681,NA,271008,271007.839038967,0.0160642836715706,65080.8,0.0294321980127631,NA,500457.693532459,2140846.80011108,2641304.49364353,NA,0,0,0,376037,380611.454817896,742602.031950848,491102.021129926,47575.0020469398,3806.00016375519,12998060192,290544835.390614,1073369224,NA,14361974251.3906,1916567473.32225,117335556.172172,2033903029.49442,0,6664274522.77142,465465000,7129739522.77142,NA,NA,232212364.257965,1061860014.49342,1294072378.75139,1277430889.0998,2571503267.85119,0,0,252696865.823006,0,252696865.823006,2435913280.05366,142641259.442169,2578554539.49583,403975506.34634,0,403975506.34634,337878191.367341,0,337878191.367341,113418807.706233,0,113418807.706233,4688992.28453464,0,4688992.28453464,NA,859961497.704449,1173044407.0342,4640496,6696144,20598816,31935456,249333112.146347,NA,60863114,60863114,NA,28313400,50964120,390740376,470017896,NA,169670420,18720000,188390420,NA,31929981923.7115,19956238.7023197
1,6,NA,"Niger","25","25","0","25","25","0","22","0","3","0","0","0","0","25","2",0,152,NA,3954772,3.42,7492169.35894569,19.9,1490941.70243019,1416394.61730868,1416394.61730868,374608.467947284,1865550.17037748,299686.774357828,299686.774357828,599373.548715655,239749.419486262,1,0.027027027027027,25,0.0322997416020672,274,0.0311328258152483,13930,27.86,2786,1338,0.0490271518082884,28,2,30,0.0229709035222052,1368,0.0478371857187817,43.8,NA,4162316,0.044532321163345,83246.32,0.0446621753935676,NA,548669,548669.050108997,0.0325229531884308,33432,0.0151193169715599,NA,1180825.82832471,5051310.48783349,6232136.3161582,NA,0,0,0,689311,861947.112937009,1783301.64407949,1530172.69460027,148235.970414303,11858.9976331203,29435898752,657978823.850842,2430792544,NA,32524670119.8508,3880187594.52312,237551756.352479,4117739350.8756,0,3423437109.64361,895125000,4318562109.64361,NA,NA,547903171.268497,2505450005.83103,3053353177.09953,3014087718.58757,6067440895.6871,0,0,463216995.341741,0,463216995.341741,5516461453.08932,323030797.432783,5839492250.52211,970116096.696806,0,970116096.696806,1052758816.47094,0,1052758816.47094,353394562.274079,0,353394562.274079,14610285.3419615,0,14610285.3419615,NA,2390879760.78379,3261318255.25354,8649632,12481248,38395072,59525952,464743351.891831,NA,117044450,117044450,NA,28313400,63705150,668555784,760574334,NA,169670420,36000000,205670420,NA,60531352293.8502,37832095.1836564
1,7,NA,"Plateau","17","17","0","17","17","0","17","0","0","0","0","0","3","14","0",0,102,NA,3206531,2.94,5560765.19568392,17.1,950890.84846195,903346.306038852,903346.306038852,278038.259784196,1228929.10824615,222430.607827357,222430.607827357,444861.215654713,177944.486261885,1,0.027027027027027,17,0.0219638242894057,207,0.0235200545392569,58030,116.06,11606,972,0.035616137188084,23,2,25,0.0191424196018377,997,0.0348637969017729,37.2,NA,NA,0,NA,0,NA,411280,411280.036226238,0.0243790703391504,139272,0.0629844913036341,NA,753105.551981864,3221618.19458909,3974723.74657095,NA,0,0,0,445215,639746.01700873,970350.845360721,898767.856768494,87067.9861244717,6964.99889002786,0,0,0,NA,0,2908572470.27702,178067807.795693,3086640278.07271,0,14261454089.9224,608685000,14870139089.9224,NA,NA,349440967.781158,1597922626.9816,1947363594.76275,1922320922.00176,3869684516.76451,0,0,299184482.158377,0,299184482.158377,4094374457.11822,239756781.973095,4334131239.09132,527870861.137291,0,527870861.137291,618352286.975622,0,618352286.975622,207570084.093262,0,207570084.093262,8580878.78401722,0,8580878.78401722,NA,1362374110.99019,1858368468.18284,6534576,9429264,29006496,44970336,351101729.348938,NA,79590226,79590226,NA,28313400,53087625,485677296,567078321,NA,169670420,24480000,194150420,NA,30872442881.5313,19295276.800957
2,1,NA,"Adamawa","21","2","0","21","21","0","21","0","0","0","0","0","0","21","0",0,107,NA,3178950,2.89,5462278.9412483,17.6,961361.093659702,913293.038976716,913293.038976717,273113.947062415,1234475.04072212,218491.157649932,218491.157649932,436982.315299864,174792.926119946,1,0.027027027027027,21,0.0271317829457364,226,0.0256789001249858,36917,73.834,7383.4,795,0.0291304825766736,21,1,22,0.0168453292496172,817,0.028569430359828,38.9,NA,NA,0,NA,0,NA,414857,414857.013685053,0.0245910995586334,88600.8,0.0400689034198907,NA,761397.986178484,3257091.38531907,4018489.37149755,NA,0,0,0,552744,628415.527986429,1163749.11337716,1197413.11665685,115999.011301095,9280.00090409537,0,0,0,NA,0,2933868855.33614,179616495.985059,3113485351.3212,0,9072722740.61114,751905000,9824627740.61114,NA,NA,353288657.156575,1615517329.61081,1968805986.76739,1943487569.50361,3912293556.271,0,0,371443970.679672,0,371443970.679672,4021859328.29182,235510469.352236,4257369797.64405,633079519.189575,0,633079519.189575,823820226.283514,0,823820226.283514,276541649.833062,0,276541649.833062,11432961.3157044,0,11432961.3157044,NA,1744874356.62185,2380124122.38962,7134368,10294752,31668928,49098048,383328458.129758,NA,98317338,98317338,NA,28313400,46717110,397236060,472266570,NA,169670420,30240000,199910420,NA,26758041681.6683,16723776.0510427
2,2,NA,"Bauchi","20","20","0","20","20","0","20","0","0","0","0","0","1","19","2",0,122,NA,4653066,3.39,8766603.89092317,20,1753320.77818463,1665654.7392754,1665654.7392754,438330.194546159,2191650.97273079,350664.155636927,350664.155636927,701328.311273854,280531.324509542,1,0.027027027027027,20,0.0258397932816537,212,0.0240881717986592,64605,129.21,12921,1111,0.0407093913744458,28,4,32,0.0245022970903522,1143,0.0399692275413505,48.6,NA,NA,0,NA,0,NA,663102,663101.991749478,0.0393060899508351,155052,0.0701208523293345,NA,1388630.05632223,5940250.79648954,7328880.85281177,NA,0,0,0,609621,1008566.2178767,2807021.64487928,2931906.62907989,284028.96406705,22721.9971254045,0,0,0,NA,0,4689457372.85302,287096643.686431,4976554016.53945,0,15877326236.0751,716100000,16593426236.0751,NA,NA,644324330.758525,2946364399.60471,3590688730.36324,3544513253.37326,7135201983.7365,0,0,409665314.955408,0,409665314.955408,6454823712.84596,377979048.522304,6832802761.36826,1527019778.46231,0,1527019778.46231,2017151765.76182,0,2017151765.76182,677125067.209396,0,677125067.209396,27993500.952748,0,27993500.952748,NA,4249290112.38627,5796312990.18175,6692416,9657024,29707136,46056576,359582447.449154,NA,93635560,93635560,NA,28313400,67952160,555131148,651396708,NA,169670420,28800000,198470420,NA,47296338550.6919,29560211.5941824
2,3,NA,"Borno","27","27","0","27","27","0","27","0","0","0","0","0","1","26","0",0,162,NA,4171104,3.47,7974905.60246315,19.1,1523206.97007046,1447046.62156694,1447046.62156694,398745.280123158,1921952.25019362,318996.224098526,318996.224098526,637992.448197052,255196.979278821,1,0.027027027027027,27,0.0348837209302326,312,0.0354505169867061,71130,142.26,14226,342,0.012531603825437,36,2,38,0.0290964777947933,380,0.013288107144106,16.2,NA,4336180,0.0463924796632628,86723.6,0.0465277580313652,NA,488691,488691.063616246,0.0289676929698116,170712,0.0772029444498965,NA,1206379.92029581,5160625.21459873,6367005.13489453,NA,0,0,0,606682,917484.179903217,948388.981365078,2714444.94666379,262961.994833052,21036.9995866434,30665464960,685463241.235299,2532329120,NA,33883257321.2353,3456023266.15903,211583686.8377,3667606952.99673,0,17480910381.1163,966735000,18447645381.1163,NA,NA,559760269.660148,2559670110.39024,3119430380.05039,3079315183.06386,6198745563.11425,0,0,407690306.94116,0,407690306.94116,5871898677.18165,343844351.721563,6215743028.90321,515923607.09512,0,515923607.09512,1867538127.89204,0,1867538127.89204,626901411.304003,0,626901411.304003,25917583.9483422,0,25917583.9483422,NA,3036280730.23951,4141687899.16831,9849216,14212224,43719936,67781376,529196809.453471,NA,126408006,126408006,NA,28313400,80693190,170886456,279893046,NA,169670420,38880000,208550420,NA,77142705465.1682,48214190.9157301
2,4,NA,"Gombe","11","11","0","11","11","0","11","0","0","0","0","0","0","11","0",0,66,NA,2365040,3.23,4326643.4749778,19.5,843695.477620671,801510.703739637,801510.703739637,216332.17374889,1060027.65136956,173065.738999112,173065.738999112,346131.477998224,138452.59119929,1,0.027027027027027,11,0.0142118863049096,114,0.0129530735143734,18768,37.536,3753.6,598,0.0219119856362904,28,1,29,0.0222052067381317,627,0.0219253767877749,52,NA,NA,0,NA,0,NA,261486,261485.914000405,0.0154998612347093,45043.2,0.0203703762327521,NA,668206.818275571,2858440.27817883,3526647.0964544,NA,0,0,0,353027,497764.755879686,1576737.89260003,1662899.94137684,161093.091195689,12887.007295406,0,0,0,NA,0,1849228418.19736,113212943.430816,1962441361.62818,0,4612424097.18531,393855000,5006279097.18531,NA,NA,310047956.281442,1417786380.16418,1727834336.44562,1705614762.25353,3433449098.69915,0,0,237234145.711455,0,237234145.711455,3185694397.37467,186546649.570947,3372241046.94562,857745415.623531,0,857745415.623531,1144075162.47753,0,1144075162.47753,384045938.980716,0,384045938.980716,15876793.2682589,0,15876793.2682589,NA,2401743310.35004,3276136855.96211,3598752,5192928,15974592,24766272,193360372.684922,NA,51499558,51499558,NA,28313400,61581645,298801464,388696509,NA,169670420,15840000,185510420,NA,20508591776.1668,12817869.8601042
2,5,NA,"Taraba","16","9","7","16","16","0","16","0","0","0","0","0","0","16","0",0,96,NA,2294800,2.91,3957663.14857288,18.7,740083.008783129,703078.858343972,399039.532431998,197883.157428644,937966.166211773,158306.525942915,158306.525942915,316613.051885831,126645.220754332,1,0.027027027027027,16,0.020671834625323,168,0.0190887399159186,55920,111.84,11184,784,0.0287274192957385,18,1,19,0.0145482388973966,803,0.0280798685176767,35.2,NA,2198702,0.0235237554300272,43974.04,0.0235923496347197,NA,355490,355490.062994419,0.0210720591500888,134208,0.0606943435067933,NA,332672.95756436,1423100.98513643,1755773.94270079,NA,513168.412293355,1026336.82458671,1539505.23688007,541970.431171966,455314.897655975,766024.00909099,944989.011214904,91546.0010864461,7324.00008691949,15549220544,347570764.919937,1284041968,NA,17180833276.9199,2514025772.24498,153912980.536084,2667938752.78106,0,13742900443.0202,572880000,14315780443.0202,NA,NA,154360248.62649,705858089.716726,860218338.343216,849156117.395842,1709374455.73906,701933892.426696,701933892.426696,364204132.375004,0,364204132.375004,2914015308.17594,170637771.465666,3084653079.6416,416717061.941016,0,416717061.941016,650152441.312866,0,650152441.312866,218245672.028639,0,218245672.028639,9023168.26639671,0,9023168.26639671,NA,1294138343.54892,1765290364.60455,5303424,7652736,23541504,36497664,284952128.167254,NA,74908448,74908448,NA,28313400,40346595,391739712,460399707,NA,169670420,23040000,192710420,NA,44097117444.2242,27560698.4026401
2,6,NA,"Yobe","17","17","0","17","17","0","17","0","0","0","0","0","0","17","2",0,104,NA,2321339,3.53,4487419.12051907,18.9,848122.213778105,805716.1030892,805716.1030892,224370.956025954,1072493.16980406,179496.764820763,179496.764820763,358993.529641526,143597.41185661,1,0.027027027027027,17,0.0219638242894057,178,0.0202249744347233,45270,90.54,9054,480,0.0175882158953501,21,2,23,0.0176110260336907,503,0.0175892576144351,30.3,NA,2493011,0.0266725463697979,49860.22,0.0267503223061616,NA,258686,258686.040956848,0.0153338957225101,108648,0.0491350667123128,NA,671712.793312259,2873438.06028022,3545150.85359248,NA,0,0,0,555083.891210141,516261.415106886,1594912.40201441,1699271.4283192,164617.041493453,13169.0033193855,17630573792,394095125.316581,1455918424,NA,19480587341.3166,1829427715.66513,112000710.375336,1941428426.04047,0,11125556206.2862,608685000,11734241206.2862,NA,NA,311674728.659647,1425225280.09795,1736900008.75759,1714563851.98909,3451463860.74669,0,0,373016377.58423,0,373016377.58423,3304073014.93288,193478618.470576,3497551633.40346,867632348.768572,0,867632348.768572,1169098745.55534,0,1169098745.55534,392447036.699936,0,392447036.699936,16224212.3759356,0,16224212.3759356,NA,2445402343.39978,3335690667.0016,5619104,8108256,24942784,38670144,301913564.367685,NA,79590226,79590226,NA,28313400,48840615,239840640,316994655,NA,169670420,24480000,194150420,NA,47152030721.1467,29470019.2007167
3,1,NA,"Jigawa","27","0","0","27","27","0","27","0","0","0","0","0","0","27","3",0,138,NA,4361002,2.91,7521081.09911654,20.1,1511737.30092242,1436150.4358763,1436150.4358763,376054.054955827,1887791.35587825,300843.243964662,300843.243964662,601686.487929323,240674.595171729,1,0.027027027027027,27,0.0348837209302326,287,0.0326099306896944,22600,45.2,4520,773,0.0283243560148034,22,1,23,0.0176110260336907,796,0.027835087596601,49.4,NA,NA,0,NA,0,NA,638542,638542.120375195,0.0378502769304707,54240,0.0245295451225595,NA,1197295.94233056,5121765.97552517,6319061.91785573,NA,0,0,0,904530.132186319,865273.304561401,1874521.37313726,2282087.45426629,221077.044007011,17686.003520529,0,0,0,NA,0,4515769959.26437,276463201.578493,4792233160.84286,0,5554176502.36508,966735000,6520911502.36508,NA,NA,555545303.984852,2540395927.78002,3095941231.76488,3056128100.12224,6152069331.88712,0,0,607844253.214318,0,607844253.214318,5537749079.21643,324277349.937821,5862026429.15425,1019739629.42278,0,1019739629.42278,1570076172.39188,0,1570076172.39188,527047686.046426,0,527047686.046426,21789156.7219983,0,21789156.7219983,NA,3138652644.58309,4281329966.72445,9060016,13073424,40216736,62350176,486793218.952392,NA,126408006,126408006,NA,28313400,48840615,386243364,463397379,NA,169670420,38880000,208550420,NA,32640216312.7236,20400135.1954522
3,2,NA,"Kaduna","23","23","0","23","23","0","22","0","1","0","0","0","8","15","0",0,138,NA,6113503,3.07,10859338.5914622,19.2,2084993.00956075,1980743.35908271,1980743.35908271,542966.929573111,2627959.93913386,434373.543658489,434373.543658489,868747.087316978,347498.834926791,1,0.027027027027027,23,0.0297157622739018,255,0.0289739802295194,43460,86.92,8692,1052,0.0385475065039757,38,6,44,0.0336906584992343,1096,0.0383256984998426,34.3,NA,6032066,0.0645366426745335,120641.32,0.0647248285996488,NA,772758,772757.982102163,0.0458060677432091,104304,0.0471705323463025,NA,1651314.46357211,7063956.31639181,8715270.77996392,NA,15779227.0963557,0.0828278464203681,24494497.8763196,1185604.84621815,1249327.8113288,3349352.01535847,2674600.01226439,259102.001188114,20728.0000950484,42658770752,953548863.678455,3522726544,NA,47135046159.6785,5464944551.04744,334573302.152361,5799517853.1998,0,10680730566.0525,823515000,11504245566.0525,NA,NA,766209892.814014,3503722338.33617,4269932231.15019,4215021830.30676,8484954061.45695,0,0,796726462.40634,0,796726462.40634,7995697891.46846,468208957.47694,8463906848.9454,1822047500.70779,0,1822047500.70779,1840124812.95792,0,1840124812.95792,617699186.225155,0,617699186.225155,25536896.5679758,0,25536896.5679758,NA,4305408396.45884,5872862044.34221,8049840,11615760,35732640,55398240,432516623.11101,NA,107680894,107680894,NA,28313400,93434220,525650736,647398356,NA,169670420,33120000,202790420,NA,93753053685.6515,58595658.5535322
3,3,NA,"Kano","44","44","0","44","44","0","42","0","2","0","0","0","7","37","0",0,264,NA,9401288,3.36,17615090.1229849,19.3,3399712.39373609,3229726.77404928,3229726.77404928,880754.506149246,4280466.89988533,704603.604919397,704603.604919397,1409207.20983879,563682.883935517,1,0.027027027027027,44,0.0568475452196382,484,0.0549937507101466,20680,41.36,4136,1224,0.0448499505331428,48,2,50,0.0382848392036753,1274,0.044550127635766,43,NA,9786161,0.104701436557965,195723.22,0.105006741201699,NA,1226893,1226892.97130454,0.0727254119127466,49632,0.0224456191652447,NA,2692572.21583898,11518225.5899779,14210797.8058168,NA,0,0,0,1380317.22603779,2026552.70432497,5526618.64006273,5032038.58278318,487479.056457157,38998.0045165355,69207730592,1546996120.6201,5715118024,NA,76469844736.6201,8676587254.40729,531195590.733623,9207782845.14091,0,5082317259.68628,1575420000,6657737259.68628,NA,NA,1249353478.33698,5713039901.44358,6962393379.78056,6872858513.50695,13835251893.2875,0,0,927573182.589096,0,927573182.589096,12969937143.7881,759488518.833869,13729425662.622,3006480547.37647,0,3006480547.37647,3462042553.45886,0,3462042553.45886,1162150099.55395,0,1162150099.55395,48045542.4126577,0,48045542.4126577,NA,7678718742.80194,10474280649.1648,15278912,22047168,67821952,105148032,820933512.100898,NA,205998232,205998232,NA,28313400,106175250,611593632,746082282,NA,169670420,63360000,233030420,NA,140986659418.014,88116662.1362585
3,4,NA,"Katsina","34","34","0","34","34","0","34","0","0","0","0","0","0","34","3",0,207,NA,5801584,3.04,10248439.3423184,20.8,2131675.38320222,2025091.61404211,2025091.61404211,512421.967115918,2644097.35031814,409937.573692734,409937.573692734,819875.147385469,327950.058954187,1,0.027027027027027,34,0.0439276485788114,361,0.041018066128849,26785,53.57,5357,1829,0.0670184309845737,25,2,27,0.0206738131699847,1856,0.0649019127880547,55.4,0,6360116,0.0680464261598901,127202.32,0.0682448464545786,NA,791345,791345.104845815,0.0469078396087432,64284,0.0290718524826441,NA,1688286.90349616,7222116.19828912,8910403.10178527,NA,0,0,0,1294214.91694527,1179046.05195209,3939827.70824607,3198291.57494328,620569.11155707,24787.0044558544,44978740352,1005407000.63016,3714307744,NA,49698455096.6302,5596392685.53483,342620782.965096,5939013468.49992,0,6582682195.39154,1217370000,7800052195.39154,NA,NA,783365104.52941,3582169639.87827,4365534744.40768,4309394916.01355,8674929660.42123,0,0,869712430.461501,0,869712430.461501,7545894637.14139,441869554.008116,7987764191.1495,2143266278.40603,0,2143266278.40603,2200424608.96602,0,2200424608.96602,1479436798.81873,0,1479436798.81873,30537590.0287804,0,30537590.0287804,NA,5853665276.21956,7984786913.42478,11396048,16444272,50586208,78426528,612307846.835587,NA,159180452,159180452,NA,28313400,57334635,913892772,999540807,NA,169670420,48960000,218630420,NA,96798038758.0338,60498774.2237711
3,5,NA,"Kebbi","21","21","0","21","6","15","6","15","0","0","0","0","0","21","3",0,129,NA,3256541,3.17,5892122.00035843,20.2,1190208.6440724,1130698.21186878,1130698.21186878,294606.100017922,1484814.74409033,235684.880014337,235684.880014337,471369.760028675,188547.90401147,1,0.027027027027027,21,0.0271317829457364,225,0.0255652766731053,41855,83.71,8371,900,0.0329779048037815,33,2,35,0.0267993874425727,935,0.032695737315103,76.8,NA,3117056,0.0333491591883296,62341.12,0.0334464038250753,NA,390427,390426.932709431,0.0231429800049573,100452,0.0454285004913597,NA,942645.246105344,4032426.8861173,4975072.13222265,NA,0,0,0,369083.125302657,677867.424502037,1371055.58999078,1106970.66896442,107237.967930873,8578.9974344818,22043820032,492744145.508705,1820360704,NA,24356924881.5087,2761099319.46388,169039247.929169,2930138567.39305,0,10286285730.3757,751905000,11038190730.3757,NA,NA,437387383.755859,2000083738.60008,2437471122.35594,2406125773.26669,4843596895.62263,0,0,248023861.99268,0,248023861.99268,4338351461.99242,254043492.232919,4592394954.22534,745854242.736794,0,745854242.736794,761595822.118278,0,761595822.118278,255655321.917978,0,255655321.917978,10569325.0258922,0,10569325.0258922,NA,1773674711.79894,2419409713.25766,7102800,10249200,31528800,48880800,381632314.509715,NA,98317338,98317338,NA,28313400,74322675,449701200,552337275,NA,169670420,30240000,199910420,NA,53434551663.6844,33396594.7898028
3,6,NA,"Sokoto","23","23","0","23","23","0","23","0","0","0","0","0","2","21","2",0,140,NA,3702676,3.03,6528689.40120401,20.2,1318795.25904321,1252855.49609105,1252855.49609105,326434.470060201,1645229.72910341,261147.57604816,261147.57604816,522295.152096321,208918.060838528,1,0.027027027027027,23,0.0297157622739018,244,0.0277241222588342,25973,51.946,5194.6,776,0.0284342823641494,25,1,26,0.0199081163859112,802,0.0280448998146659,54.7,NA,3731317,0.0399210936906878,74626.34,0.0400375017905898,NA,476936,476935.921469742,0.0282708941660917,62335.2,0.0281905254631964,NA,1044485.84516222,4468078.3376384,5512564.18280062,NA,0,0,0,439653.63309391,751102.212326677,1595194.31333465,1936863.3804467,187634.036855852,15011.0029485232,26387873824,589846511.191042,2179089128,NA,29156809463.191,3372890899.35311,206494180.39931,3579385079.75242,0,6383125057.34196,823515000,7206640057.34196,NA,NA,484641420.590666,2216166858.88793,2700808279.4786,2666076471.75914,5366884751.23774,0,0,295447243.570524,0,295447243.570524,4807054098.14746,281489598.328924,5088543696.47639,867785708.527151,0,867785708.527151,1332562009.02059,0,1332562009.02059,447319555.011287,0,447319555.011287,18493555.9591004,0,18493555.9591004,NA,2666160828.51813,3636819853.55782,7702592,11114688,34191232,53008512,413859043.290535,NA,107680894,107680894,NA,28313400,55211130,387742368,471266898,NA,169670420,33120000,202790420,NA,58192288228.9366,36370180.1430853
3,7,NA,"Zamfara","14","14","0","14","14","0","14","0","0","0","0","0","0","14","0",0,84,NA,3278873,3.2,5965390.03051833,20.2,1205008.7861647,1144758.34685647,1144758.34685647,298269.501525917,1503278.28769062,238615.601220733,238615.601220733,477231.202441466,190892.480976587,1,0.027027027027027,14,0.0180878552971576,147,0.0167026474264288,39762,79.524,7952.4,680,0.0249166391850793,25,3,28,0.0214395099540582,708,0.0247578417316502,51.8,NA,NA,0,NA,0,NA,502562,502562.096178068,0.0297899134733988,95428.8,0.043156804122266,NA,954366.958642445,4082569.76752601,5036936.72616846,NA,0,0,0,617580.967886072,686296.647607024,1189392.78893585,961646.829350592,93159.9834682593,7452.99867742526,0,0,0,NA,0,3554119210.26033,217589289.207341,3771708499.46767,0,9771910003.85135,501270000,10273180003.8513,NA,NA,442826258.24329,2024954607.81717,2467780866.06046,2436045740.25201,4903826606.31247,0,0,415014413.413438,0,415014413.413438,4392298489.18265,257202501.202813,4649500990.38547,647029678.726824,0,647029678.726824,661613020.21837,0,661613020.21837,222093406.122765,0,222093406.122765,9182094.5327058,0,9182094.5327058,NA,1539918199.60066,2100550357.3749,4640496,6696144,20598816,31935456,249333112.146347,NA,65544892,65544892,NA,28313400,59458140,339774240,427545780,NA,169670420,20160000,189830420,NA,28585953274.5523,17866220.7965952
4,1,NA,"Abia","17","0","17","17","17","0","0","0","17","0","0","0","2","15","0",0,102,NA,2845380,2.77,4781906.15232638,11.4,545137.301365208,517880.436296947,0,239095.307616319,784232.608981527,191276.246093055,191276.246093055,382552.492186111,153020.996874444,1,0.027027027027027,17,0.0219638242894057,184,0.0209067151460061,5420,10.84,1084,738,0.0270418819391008,17,3,20,0.0153139356814701,758,0.0265062768821904,20.7,NA,1356244,0.0145103575470627,27124.88,0.0145526690920328,NA,252788,252787.873959936,0.014984275474931,13008,0.00588274931700322,NA,0,0,0,NA,1463263.28261187,2926526.56522375,4389789.84783562,430420.553772417,550141.087963002,490621.271227415,1569579.86770207,152053.084058657,12164.0067245599,9591357568,214395022.380512,792046496,NA,10597799086.3805,1787715877.88734,109447039.944867,1897162917.83221,0,1332019320.47871,608685000,1940704320.47871,NA,NA,0,0,0,0,0,2001514643.15318,2001514643.15318,289242614.221719,0,289242614.221719,3520902918.47211,206175659.36231,3727078577.83442,266897972.185321,0,266897972.185321,1079870951.63158,0,1079870951.63158,362494561.428984,0,362494561.428984,14986056.5492496,0,14986056.5492496,NA,1724249541.79513,2351990509.73,5808512,8381568,25783552,39973632,312090426.087945,NA,79590226,79590226,NA,28313400,42470100,368754984,439538484,NA,169670420,24480000,194150420,NA,25555111767.5138,15971944.8546961
4,2,NA,"Anambra","21","0","0","21","21","0","0","0","13","8","0","0","4","17","0",0,105,NA,4177828,2.8,7060244.39591034,11.3,797807.616737868,757917.235900975,0,353012.219795517,1150819.83653339,282409.775836414,282409.775836414,564819.551672827,225927.820669131,1,0.027027027027027,21,0.0271317829457364,326,0.0370412453130326,4844,9.688,968.8,614,0.0224982594994687,41,3,44,0.0336906584992343,658,0.0230094065811099,15.2,NA,4487576,0.0480122546382637,89751.52,0.0481522561967819,NA,372885,372884.947034073,0.0221031597730006,11625.6,0.00525757152980878,NA,0,0,0,NA,2160434.78514856,4320869.57029713,6481304.35544569,630100.392318548,812255.700869659,2810604.6498019,2290037.89987913,221846.893426045,17747.9914739683,31736137472,709395917.66249,2620744384,NA,35066277773.6625,2637042394.46091,161444269.669937,2798486664.13084,0,1190461547.67507,751905000,1942366547.67507,NA,NA,0,0,0,0,0,2955135900.31036,2955135900.31036,423427466.692756,0,423427466.692756,5198436419.87693,304408011.620575,5502844431.49751,1528968933.14487,0,1528968933.14487,1575546078.98696,0,1575546078.98696,528883007.107138,0,528883007.107138,21865525.8819839,0,21865525.8819839,NA,3655263545.12095,4986021431.52432,10291168,14849952,45681728,70822848,552942820.134076,NA,98317338,98317338,NA,28313400,93434220,306796152,428543772,NA,169670420,30240000,199910420,NA,58609538110.7484,36630961.3192177
4,3,NA,"Ebonyi","13","0","13","13","13","0","13","0","0","0","0","0","0","13","0",0,78,NA,2176947,2.82,3692514.81895257,14.9,550184.708023933,522675.472622737,0,184625.740947629,734810.448971562,147700.592758103,147700.592758103,295401.185516206,118160.474206482,1,0.027027027027027,13,0.0167958656330749,171,0.01942961027156,5530,11.06,1106,517,0.01894397420395,14,3,17,0.0130168453292496,534,0.01867328740777,49.3,NA,NA,0,NA,0,NA,203632,203632.124419887,0.0120705150925737,13272,0.00600214090830771,NA,0,0,0,NA,1129909.53459949,2259819.06919897,3389728.60379846,293941.587564199,424810.536867145,1084565.42443485,937973.502229324,90864.9517791192,7268.99614243568,0,0,0,NA,0,1440086410.67592,88164566.2282591,1528250976.90418,0,1359052922.92385,465465000,1824517922.92385,NA,NA,0,0,0,0,0,1545539005.7369,1545539005.7369,197528748.268154,0,197528748.268154,2718787401.59438,159205691.883408,2877993093.47779,590003592.302047,0,590003592.302047,645325771.11893,0,645325771.11893,216622050.439512,0,216622050.439512,8955403.40559621,0,8955403.40559621,NA,1460906817.26608,1992773601.80267,5398128,7789392,23961888,37149408,290040559.027383,NA,60863114,60863114,NA,28313400,36099585,258328356,322741341,NA,169670420,18720000,188390420,NA,12289545600.407,7680966.00025438
4,4,NA,"Enugu","17","0","17","17","17","0","2","0","15","0","0","0","4","13","0",0,102,NA,3267837,3,5730171.95996931,11.8,676160.291276379,642352.27671256,0,286508.597998466,962668.889274845,229206.878398772,229206.878398772,458413.756797545,183365.502719018,1,0.027027027027027,17,0.0219638242894057,259,0.0294284740370412,12440,24.88,2488,544,0.0199333113480635,53,4,57,0.0436447166921899,601,0.021016190509494,30.2,NA,3173162,0.0339494332691997,63463.24,0.0340484282779596,NA,302325.965226788,302325.965226788,0.0179206995779417,29856,0.0135021035984354,NA,0,0,0,NA,1753432.61975061,3506865.23950122,5260297.85925183,487297.31627089,659235.655375414,566371.243981445,1801825.77619064,174552.075193555,13964.0060154155,22440601664,501613380.783243,1853126608,NA,24795341652.7832,2138049265.84098,130895052.338591,2268944318.17957,0,3057254676.52308,608685000,3665939676.52308,NA,NA,0,0,0,0,0,2398420780.40044,2398420780.40044,327463798.896428,0,327463798.896428,4219108141.08883,247060888.372168,4466169029.46099,308105957.461957,0,308105957.461957,1239656137.06421,0,1239656137.06421,416132157.6312,0,416132157.6312,17203655.7147375,0,17203655.7147375,NA,1981097907.8721,2702348682.84208,8176112,11797968,36293152,56267232,439301197.591183,NA,79590226,79590226,NA,28313400,121039785,271819392,421172577,NA,169670420,24480000,194150420,NA,43739940267.5491,27337462.6672182
4,5,NA,"Imo","27","0","27","27","27","0","0","0","27","0","0","0","3","24","0",0,162,NA,3927563,3.19,7132434.57603839,11.8,841627.27997253,799545.915973903,0,356621.728801919,1198249.00877445,285297.383041535,285297.383041535,570594.766083071,228237.906433228,1,0.027027027027027,27,0.0348837209302326,305,0.0346551528235428,5430,10.86,1086,653,0.0239273020409659,28,2,30,0.0229709035222052,683,0.02388362415638,15.6,NA,3969070,0.042464796031776,79381.4,0.0425886214524191,1,368770,368770.002700402,0.0218592419833779,13032,0.0058936030980309,NA,0,0,0,NA,2182524.98026775,4365049.96053549,6547574.94080324,633957.517897962,820560.921208743,952372.316812552,1308531.43529109,126764.042168844,10141.0033734676,28069263040,627430500.322816,2317936880,NA,31014630420.3228,2607941507.59205,159662663.338102,2767604170.93015,0,1334476920.70099,966735000,2301211920.70099,NA,NA,0,0,0,0,0,2985351822.16568,2985351822.16568,426019455.100821,0,426019455.100821,5251589829.37541,307520548.235319,5559110377.61073,518090541.583723,0,518090541.583723,900269629.69166,0,900269629.69166,302205484.061303,0,302205484.061303,12493716.3766996,0,12493716.3766996,NA,1733059371.71339,2364007700.89509,9628240,13893360,42739040,66260640,517323804.113169,NA,126408006,126408006,NA,28313400,63705150,326283204,418301754,NA,169670420,38880000,208550420,NA,50421579223.5528,31513487.0147205
5,1,NA,"Akwa Ibom","31","0","31","31","31","0","0","0","31","0","0","0","0","31","0",0,186,NA,3902051,3.36,7311230.12394508,12.2,891970.0751213,847371.571365235,0,365561.506197254,1257531.58131855,292449.204957803,292449.204957803,584898.409915606,233959.363966243,1,0.027027027027027,31,0.0400516795865633,329,0.037382115668674,6187,12.374,1237.4,493,0.0180645634091825,52,1,53,0.0405819295558959,546,0.0190929118438997,33.2,NA,4061795,0.0434568541743752,81235.9,0.0435835723916002,1,329840,329839.8901834,0.0195516173292093,14848.8,0.00671523432182637,NA,0,0,0,NA,2237236.4179272,4474472.83585439,6711709.25378159,500960.323299694,841130.705331435,2014726.16967929,1630500.13731995,157955.013302897,12636.0010641981,28725014240,642088466.330579,2372088280,NA,31739190986.3306,2332627746.75235,142807481.509318,2475435228.26166,0,1520517257.528,1109955000,2630472257.528,NA,NA,0,0,0,0,0,3060188486.84839,3060188486.84839,336645339.686022,0,336645339.686022,5383236446.09712,315229459.453238,5698465905.55036,1096011038.92385,0,1096011038.92385,1121784097.23164,0,1121784097.23164,376564761.097874,0,376564761.097874,15567553.5859508,0,15567553.5859508,NA,2609927450.83932,3560113804.09997,10385872,14986608,46102112,71474592,558031250.994205,NA,145135118,145135118,NA,28313400,112545765,246336324,387195489,NA,169670420,44640000,214310420,NA,53415111737.1385,33384444.8357116
5,2,NA,"Bayelsa","8","0","8","8","1","7","0","7","1","0","0","0","0","8","0",0,48,NA,1704515,2.96,2966900.42968161,12.5,370862.553710201,352319.426024691,0,148345.02148408,519207.575194281,118676.017187264,118676.017187264,237352.034374528,94940.8137498114,1,0.027027027027027,8,0.0103359173126615,105,0.0119304624474492,10773,21.546,2154.6,220,0.00806126561870214,37,2,39,0.0298621745788668,259,0.00905689407979858,30.1,NA,1630600,0.0174456727670245,27176.6666666667,0.0145804529651183,1,136101,136100.888644853,0.00806752782833486,25855.2,0.011692778301121,NA,0,0,0,NA,907871.531482571,1815743.06296514,2723614.59444771,183652,341331.213593322,1132793.63681507,886526.933168304,85881.8966511608,6870.99173156338,11531603200,214804344.138212,952270400,NA,12698677944.1382,962505502.394241,58926241.8434122,1021431744.23765,0,2647572719.4681,286440000,2934012719.4681,NA,NA,0,0,0,0,0,1241825846.3513,1241825846.3513,123414144.890335,0,123414144.890335,2184519739.39306,127920254.573448,2312439993.96651,616239739.899565,0,616239739.899565,609930531.518005,0,609930531.518005,204742446.718426,0,204742446.718426,8465061.96274413,0,8465061.96274413,NA,1439377780.09874,1963406570.01648,3314640,4782960,14713440,22811040,178095080.104534,NA,37454224,37454224,NA,28313400,82816695,109926960,221057055,NA,169670420,11520000,181190420,NA,24352383522.2719,15220239.7014199
5,3,NA,"Cross River","18","0","18","18","18","0","4","0","12","2","0","0","0","18","0",0,108,NA,2892988,2.89,4970920.40758239,12.9,641248.732578129,609186.295949222,0,248546.02037912,889794.752957248,198836.816303296,198836.816303296,397673.632606591,159069.453042637,1,0.027027027027027,18,0.0232558139534884,193,0.0219293262129303,21050,42.1,4210,1029,0.0377047378256568,30,3,33,0.0252679938744257,1062,0.0371367625974753,26.4,NA,NA,0,NA,0,1,348676,348675.903193569,0.0206681424353087,50520,0.0228472090632689,NA,0,0,0,NA,1521101.64472021,3042203.28944042,4563304.93416064,412849.033850873,571886.497578887,1529415.36218335,1386002.42199128,134268.944005422,10741.9955202336,0,0,0,NA,0,2465836033.23727,150962721.853847,2616798755.09112,0,5173248467.91084,644490000,5817738467.91084,NA,NA,0,0,0,0,0,2080628449.99264,2080628449.99264,277434552.749256,0,277434552.749256,3660073538.25517,214325158.215884,3874398696.47106,832001959.015357,0,832001959.015357,953569668.672313,0,953569668.672313,320097170.485555,0,320097170.485555,13234138.714588,0,13234138.714588,NA,2118902936.88781,2890323864.26541,6092624,8791536,27044704,41928864,327355718.668333,NA,84272004,84272004,NA,28313400,70075665,514158372,612547437,NA,169670420,25920000,195590420,NA,20895991303.0365,13059994.5643978
5,4,NA,"Delta","25","0","25","25","25","0","2","0","20","3","0","0","3","22","0",0,150,NA,4112445,3.22,7509540.13384663,12.7,953711.596998522,906026.017148596,0,375477.006692332,1329188.60369085,300381.605353865,300381.605353865,600763.210707731,240305.284283092,1,0.027027027027027,25,0.0322997416020672,270,0.0306783320077264,18050,36.1,3610,474,0.0173683631966582,74,2,76,0.0581929555895865,550,0.0192327866559429,24.9,NA,4171967,0.0446355765220317,83439.34,0.0447657318402005,1,385271,385270.885128134,0.0228373496908535,43320,0.0195910747549646,NA,0,0,0,NA,2297919.28095707,4595838.56191414,6893757.84287121,530688.009458742,863945.558054573,1669481.29454205,1771508.25142942,171614.927482197,13728.9941986603,29504150624,659504453.723486,2436428728,NA,32600083805.7235,2724635750.29091,166806885.52686,2891442635.81777,0,4435968401.22521,895125000,5331093401.22521,NA,NA,0,0,0,0,0,3143193124.76014,3143193124.76014,356622344.92902,0,356622344.92902,5529251501.68011,323779752.107917,5853031253.78803,908197826.400517,0,908197826.400517,1218797679.97725,0,1218797679.97725,409129997.312832,0,409129997.312832,16914121.1513831,0,16914121.1513831,NA,2553039624.84198,3482515043.81519,8523360,12299040,37834560,58656960,457958777.411658,NA,117044450,117044450,NA,28313400,161386380,236842632,426542412,NA,169670420,36000000,205670420,NA,57418237294.3125,35886398.3089453
5,5,NA,"Edo","18","0","18","18","18","0","0","0","5","13","0","0","4","14","0",0,108,NA,3233366,2.78,5444005.0685711,12.7,691388.643708529,656819.211523103,0,272200.253428555,963588.897137084,217760.202742844,217760.202742844,435520.405485688,174208.162194275,1,0.027027027027027,18,0.0232558139534884,192,0.0218157027610499,17450,34.9,3490,602,0.0220585541020849,40,2,42,0.0321592649310873,644,0.0225198447389586,19.1,NA,2436824,0.0260714056757216,48736.48,0.0261474287130662,NA,400708,400707.957224508,0.0237523988868253,41880,0.0189398478933037,NA,0,0,0,NA,1665865.55098276,3331731.10196551,4997596.65294827,461889,626313.184720858,1096778.43480009,1498004.22803747,145118.92521625,11609.9940170527,17233219328,385213085.563783,1423105216,NA,19041537629.5638,2833806726.18651,173490520.385989,3007297246.5725,0,4288512387.88809,644490000,4933002387.88809,NA,NA,0,0,0,0,0,2278642766.09531,2278642766.09531,310389410.239212,0,310389410.239212,4008404331.56218,234722576.903428,4243126908.46561,596647469.95661,0,596647469.95661,1030626911.42137,0,1030626911.42137,345963526.336744,0,345963526.336744,14303512.8815499,0,14303512.8815499,NA,1987541420.59628,2711138060.7188,6061056,8745984,26904576,41711616,325659575.04829,NA,84272004,84272004,NA,28313400,89187210,300800136,418300746,NA,169670420,25920000,195590420,NA,39536498575.1879,24710311.6094924
5,6,NA,"Rivers","23","0","23","23","23","0","0","0","23","0","0","0","0","23","0",0,138,NA,5198716,3.41,9830697.1567989,11.9,1169852.96165907,1111360.31357612,0,491534.857839945,1661387.81949901,393227.886271956,393227.886271956,786455.772543912,314582.309017565,1,0.027027027027027,23,0.0297157622739018,319,0.0362458811498693,11077,22.154,2215.4,425,0.0155728994906746,32,1,33,0.0252679938744257,458,0.0160156659789488,22.3,NA,5416474,0.0579504678983787,108329.48,0.0581194488363447,NA,478022,478021.948065448,0.0283352695707669,26584.8,0.0120227332443625,NA,0,0,0,NA,3008193.32998046,6016386.65996093,9024579.98994139,776821.775330224,1130986.31737995,2431804.92029967,3934443.87105197,270457.991135971,21636.9992908658,38305304128,856236093.544715,3163220816,NA,42324761037.5447,3380571279.58075,206964386.48293,3587535666.06368,0,2722283766.22558,823515000,3545798766.22558,NA,NA,0,0,0,0,0,4114736610.24586,4114736610.24586,522024236.787899,0,522024236.787899,7238312339.76635,423858269.846668,7662170609.61302,1322901879.80337,0,1322901879.80337,2706897389.93288,0,2706897389.93288,644771866.935482,0,644771866.935482,26656783.5969955,0,26656783.5969955,NA,4701227920.26873,6412786075.63843,10070192,14531088,44700832,69302112,541069814.793773,NA,107680894,107680894,NA,28313400,70075665,212358900,310747965,NA,169670420,33120000,202790420,NA,74033330016.1817,46270831.2601136
6,1,NA,"Ekiti","16","0","16","16","16","0","0","0","0","11","5","0","0","16","0",0,96,NA,2398957,3.11,4292767.95937338,11.5,493668.315327939,468984.899561542,0,214638.397968669,708306.713296608,171710.718374935,171710.718374935,343421.43674987,137368.574699948,1,0.027027027027027,16,0.020671834625323,177,0.0201113509828429,6353,12.706,1270.6,356,0.013044593455718,22,2,24,0.0183767228177642,380,0.013288107144106,46.3,NA,2436824,0.0260714056757216,48736.48,0.0261474287130662,NA,288156,288155.883362295,0.0170807526025044,15247.2,0.00689540708688587,NA,0,0,0,NA,1313586.99556825,2627173.99113651,3940760.98670476,370965.687820644,493867.499761254,422535.269892095,1012950.64701669,98130.0626800413,7850.00501414781,17233219328,385213085.563783,1423105216,NA,19041537629.5638,2037838445.03187,124759973.580458,2162598418.61233,0,1561313421.21794,572880000,2134193421.21794,NA,NA,0,0,0,0,0,1796780960.69798,1796780960.69798,249288944.013893,0,249288944.013893,3160751958.53189,185086079.968889,3345838038.50078,229859187.370422,0,229859187.370422,696910046.859348,0,696910046.859348,233942075.258914,0,233942075.258914,9671206.34818368,0,9671206.34818368,NA,1170382515.83687,1596479223.7302,5587536,8062704,24802656,38452896,300217420.747642,NA,74908448,74908448,NA,28313400,50964120,177881808,257159328,NA,169670420,23040000,192710420,NA,32322094768.9214,20201309.2305759
6,2,NA,"Lagos","20","0","15","20","18","0","0","0","2","11","5","0","16","4","0",0,111,NA,9113605,3.24,16703293.9146234,12.6,2104615.03324255,1999384.28158042,0,835164.69573117,2939779.72897372,668131.756584936,668131.756584936,1336263.51316987,534505.405267949,1,0.027027027027027,20,0.0258397932816537,245,0.0278377457107147,3345,6.69,669,372,0.0136308673188963,39,4,43,0.0329249617151608,415,0.0145120117494842,3.4,NA,9092732,0.097282489286307,181854.64,0.097566160616038,NA,964951,964950.911038553,0.0571985121132785,8028,0.00363058975375937,NA,0,0,0,NA,3611493.5571712,7222987.11434241,10834480.6715136,1433157.47786927,1921653.83301933,680537.010749132,4599900.07265576,445615.007038521,35649.0005630786,64303800704,1437378879.19872,5310155488,NA,71051335071.1987,6824132969.75976,417785154.211989,7241918123.97175,0,822067274.354478,716100000,1538167274.35448,NA,NA,0,0,0,0,0,4939956687.37684,4939956687.37684,963081832.076018,0,963081832.076018,12298584375.9154,720175705.391988,13018760081.3074,370212134.731947,0,370212134.731947,3164731257.76089,0,3164731257.76089,1062346203.25286,0,1062346203.25286,43919569.4691511,0,43919569.4691511,NA,4641209165.21486,6330916520.87227,7734160,11160240,34331360,53225760,415555186.910578,NA,93635560,93635560,NA,28313400,91310715,185876496,305500611,NA,169670420,28800000,198470420,NA,110738506534.283,69211566.5839268
6,3,NA,"Ogun","20","0","20","20","20","0","0","0","6","10","4","0","2","18","0",0,120,NA,3751140,3.31,6964150.41336753,14.1,981945.208284821,932847.94787058,0,348207.520668376,1330152.7289532,278566.016534701,278566.016534701,557132.033069402,222852.813227761,1,0.027027027027027,20,0.0258397932816537,236,0.0268151346437905,16762,33.524,3352.4,607,0.0222417646843282,33,2,35,0.0267993874425727,642,0.022449907332937,32.2,NA,NA,0,NA,0,NA,382245,382244.922109498,0.0226579824500998,40228.8,0.0181931077585992,NA,0,0,0,NA,2131030.02649046,4262060.05298092,6393090.07947139,600569.173275188,801200.434116446,1877654.39827773,1718521.36452331,166482.035313254,13319.0028251537,0,0,0,NA,0,2703236139.42519,165496764.553949,2868732903.97914,0,4119429492.59485,716100000,4835529492.59485,NA,NA,0,0,0,0,0,2914914802.89615,2914914802.89615,403582487.352452,0,403582487.352452,5127682713.55043,300264843.691218,5427947557.24165,1021443995.10327,0,1021443995.10327,1182342701.6963,0,1182342701.6963,396893182.077138,0,396893182.077138,16409011.7703048,0,16409011.7703048,NA,2617088890.64701,3569882482.04096,7450048,10750272,33070208,51270528,400289894.33019,NA,93635560,93635560,NA,28313400,74322675,303298476,405934551,NA,169670420,28800000,198470420,NA,23736009042.0824,14835005.6513015
6,4,NA,"Ondo","18","0","18","18","18","0","1","0","4","12","1","0","2","16","0",0,108,NA,3460877,3.01,6079873.18726477,12.7,772143.894782625,733536.700043494,0,303993.659363238,1076137.55414586,243194.927490591,243194.927490591,486389.854981181,194555.941992473,1,0.027027027027027,18,0.0232558139534884,203,0.023065560731735,14606,29.212,2921.2,631,0.0231211754790957,27,3,30,0.0229709035222052,661,0.0231143126901423,41.6,NA,NA,0,NA,0,NA,352097,352096.854122888,0.0208709230129849,35054.4,0.0158530325690312,NA,0,0,0,NA,1860441.19530302,3720882.39060604,5581323.58590905,552408.381004846,699467.522651337,1395712.80981105,1364439.81407251,132179.981988292,10573.9985591178,0,0,0,NA,0,2490028998.65929,152443856.795747,2642472855.45503,0,3589570884.67011,644490000,4234060884.67011,NA,NA,0,0,0,0,0,2544791726.39234,2544791726.39234,371218434.713301,0,371218434.713301,4476592088.4011,262138532.897328,4738730621.29843,759267770.351066,0,759267770.351066,938734594.387762,0,938734594.387762,315117084.912616,0,315117084.912616,13027166.4548392,0,13027166.4548392,NA,2026146616.10628,2763798102.8211,6408304,9247056,28445984,44101344,344317154.868765,NA,84272004,84272004,NA,28313400,63705150,315290508,407309058,NA,169670420,25920000,195590420,NA,20352707878.3254,12720442.4239533
6,5,NA,"Osun","30","0","30","30","30","0","0","0","0","9","12","9","9","21","0",0,180,NA,3416959,3.21,6228070.94022188,11.9,741140.441886404,704083.419792083,0,311403.547011094,1052543.9888975,249122.837608875,249122.837608875,498245.67521775,199298.2700871,1,0.027027027027027,30,0.0387596899224806,332,0.0377229860243154,10245,20.49,2049,846,0.0309992305155546,24,4,28,0.0214395099540582,874,0.0305626464314439,54.9,NA,NA,0,NA,0,NA,334059,334058.99647626,0.0198017094319668,24588,0.0111196986628594,NA,0,0,0,NA,1905789.70770789,3811579.41541579,5717369.12312369,549447.200736508,716517.140617142,1706038.01718239,1468043.87528435,142217.084793371,11377.006783255,0,0,0,NA,0,2362465267.01028,144634185.803842,2507099452.81412,0,2517811427.73143,1074150000,3591961427.73143,NA,NA,0,0,0,0,0,2606821377.99513,2606821377.99513,369228521.558622,0,369228521.558622,4585709642.00341,268528196.027182,4854237838.03059,928084683.56437,0,928084683.56437,1010014188.67659,0,1010014188.67659,339045538.596207,0,339045538.596207,14016472.6044432,0,14016472.6044432,NA,2291160883.44161,3125295105.78206,10480576,15123264,46522496,72126336,563119681.854335,NA,140453340,140453340,NA,28313400,59458140,422719128,510490668,NA,169670420,43200000,212870420,NA,20772738717.2079,12982961.6982549
6,6,NA,"Oyo","33","5","28","33","33","0","0","0","8","9","16","0","7","26","0",0,198,NA,5580894,3.35,10437654.3831539,12.8,1336019.7610437,1269218.77299151,150649.646322141,521882.719157694,1857902.48020139,417506.175326155,417506.175326155,835012.35065231,334004.940260924,1,0.027027027027027,33,0.0426356589147287,351,0.0398818316100443,27460,54.92,5492,783,0.0286907771792899,58,3,61,0.0467075038284839,844,0.0295135853411197,33.9,NA,NA,0,NA,0,NA,671354,671354.17352106,0.0397952469780198,65904,0.0298044827020126,NA,125594.231460142,537264.212357276,662858.443817418,NA,2814820.33520417,5629640.67040835,8444461.00561252,805491.566538418,1200814.56122607,2335191.58233496,3137588.43882077,303953.945635751,24315.9956509173,0,0,0,NA,0,4747816803.42684,290669508.372693,5038486311.79954,0,6748570210.39581,1181565000,7930135210.39581,NA,NA,58275722.0069197,266483049.740361,324758771.747281,320582444.49694,645341216.244221,3850232685.87739,3850232685.87739,541290336.618795,0,541290336.618795,7685213094.73439,450027709.890484,8135240804.62488,1270344223.82501,0,1270344223.82501,2158660851.21115,0,2158660851.21115,724626224.45288,0,724626224.45288,29957307.1708525,0,29957307.1708525,NA,4183588606.65989,5706691787.33513,11080368,15988752,49184928,76254048,595346410.635155,NA,154498674,154498674,NA,28313400,129533805,391240044,549087249,NA,169670420,47520000,217190420,NA,37547129713.1908,23466956.0707442
